{"type": "block", "layer": 0, "block": 0, "features": [{"geom": {"pts": [[30.252582443252585, -3.2433239033514996, 0.05594148510000711]], "r": 0.4475318808000569}, "mtl": 0, "prop": ["Biggest Ocean Deadzone"], "lh": 0.0}, {"geom": {"pts": [[-2.4744155232722056, -19.07661585037046, 0.05594148510000711]], "r": 0.4475318808000569}, "mtl": 0, "prop": ["Toxic farm runoff"], "lh": 0.0}, {"geom": {"pts": [[-5.2400773232619375, 4.933119992106687, 0.05594148510000711]], "r": 0.4475318808000569}, "mtl": 0, "prop": ["Mississippi River"], "lh": 0.0}]}